,pr_auc,macro_precision,macro_recall,macro_f1,mcc
xgb,0.2614560228110129,0.6455126729930103,0.6934173039436198,0.6650930539913709,0.33552745878653584
lightgbm,0.2556164709800567,0.6347360239238908,0.6907857249962513,0.6564194906464538,0.3206600069072024
randomforest,0.2301318877805169,0.6030674061056703,0.7100089968511021,0.6304061970240594,0.29424535723981765